{
  "solution_count": 18,
  "all_success_optimal_zero_stored_gap": true,
  "all_requested_relative_and_absolute_gap_zero": true,
  "reporting_tolerance": 1e-09,
  "rows": [
    {
      "m": 12,
      "q": 4,
      "extra_count": 4,
      "ordered_extras": false,
      "positive_extra_count": 3,
      "full_bound_extra_count": 2,
      "base_density": 0.14285714285714285,
      "per_extra_bound": 0.000992063492063492,
      "gain": 0.0023974867726499205,
      "gain_in_bound_units": 2.41666666683112,
      "extra_lengths_descending": [
        0.000992063492063492,
        0.000992063492063379,
        0.00041335978836200114,
        1.6105701724945024e-13
      ],
      "success": true,
      "status_name": "optimal",
      "mip_gap": 0.0,
      "mip_node_count": 61936,
      "mip_rel_gap_option": 0.0,
      "mip_abs_gap_option": 0.0,
      "solution": "m12_q4_extra4_per_extra_bound_1over1008_relgap0_absgap0_solution.json"
    },
    {
      "m": 12,
      "q": 4,
      "extra_count": 5,
      "ordered_extras": true,
      "positive_extra_count": 3,
      "full_bound_extra_count": 2,
      "base_density": 0.14285714285714285,
      "per_extra_bound": 0.000992063492063492,
      "gain": 0.00239748677249893,
      "gain_in_bound_units": 2.4166666666789216,
      "extra_lengths_descending": [
        0.0009920634920767783,
        0.0009920634920634885,
        0.00041335978835865816,
        -0.0,
        -0.0
      ],
      "success": true,
      "status_name": "optimal",
      "mip_gap": 0.0,
      "mip_node_count": 12129,
      "mip_rel_gap_option": 0.0,
      "mip_abs_gap_option": 0.0,
      "solution": "m12_q4_extra5_per_extra_bound_1over1008_ordered1_relgap0_absgap0_solution.json"
    },
    {
      "m": 13,
      "q": 4,
      "extra_count": 4,
      "ordered_extras": false,
      "positive_extra_count": 2,
      "full_bound_extra_count": 2,
      "base_density": 0.14358974358974358,
      "per_extra_bound": 0.0003944773175542406,
      "gain": 0.0007889546407177095,
      "gain_in_bound_units": 2.0000000142193937,
      "extra_lengths_descending": [
        0.0003944773175542406,
        0.0003944773175542406,
        5.6092405853785454e-12,
        -0.0
      ],
      "success": true,
      "status_name": "optimal",
      "mip_gap": 0.0,
      "mip_node_count": 34464,
      "mip_rel_gap_option": 0.0,
      "mip_abs_gap_option": 0.0,
      "solution": "m13_q4_extra4_per_extra_bound_1over2535_relgap0_absgap0_solution.json"
    },
    {
      "m": 13,
      "q": 4,
      "extra_count": 5,
      "ordered_extras": true,
      "positive_extra_count": 2,
      "full_bound_extra_count": 2,
      "base_density": 0.14358974358974358,
      "per_extra_bound": 0.0003944773175542406,
      "gain": 0.0007889546351248222,
      "gain_in_bound_units": 2.000000000041424,
      "extra_lengths_descending": [
        0.0003944773175542406,
        0.0003944773175542406,
        1.6328450660192608e-14,
        -0.0,
        -0.0
      ],
      "success": true,
      "status_name": "optimal",
      "mip_gap": 0.0,
      "mip_node_count": 8506,
      "mip_rel_gap_option": 0.0,
      "mip_abs_gap_option": 0.0,
      "solution": "m13_q4_extra5_per_extra_bound_1over2535_ordered1_relgap0_absgap0_solution.json"
    },
    {
      "m": 16,
      "q": 5,
      "extra_count": 4,
      "ordered_extras": false,
      "positive_extra_count": 4,
      "full_bound_extra_count": 4,
      "base_density": 0.1388888888888889,
      "per_extra_bound": 0.0004340277777777778,
      "gain": 0.001736111111111105,
      "gain_in_bound_units": 3.9999999999999853,
      "extra_lengths_descending": [
        0.0004340277777777778,
        0.0004340277777777778,
        0.0004340277777777778,
        0.0004340277777777778
      ],
      "success": true,
      "status_name": "optimal",
      "mip_gap": 0.0,
      "mip_node_count": 530,
      "mip_rel_gap_option": 0.0,
      "mip_abs_gap_option": 0.0,
      "solution": "m16_q5_extra4_per_extra_bound_1over2304_relgap0_absgap0_solution.json"
    },
    {
      "m": 16,
      "q": 5,
      "extra_count": 5,
      "ordered_extras": false,
      "positive_extra_count": 4,
      "full_bound_extra_count": 4,
      "base_density": 0.1388888888888889,
      "per_extra_bound": 0.0004340277777777778,
      "gain": 0.00173611111118821,
      "gain_in_bound_units": 4.000000000177636,
      "extra_lengths_descending": [
        0.0004340277777777778,
        0.0004340277777777778,
        0.0004340277777777778,
        0.0004340277777777778,
        7.712630739075816e-14
      ],
      "success": true,
      "status_name": "optimal",
      "mip_gap": 0.0,
      "mip_node_count": 238840,
      "mip_rel_gap_option": 0.0,
      "mip_abs_gap_option": 0.0,
      "solution": "m16_q5_extra5_per_extra_bound_1over2304_relgap0_absgap0_solution.json"
    },
    {
      "m": 16,
      "q": 5,
      "extra_count": 5,
      "ordered_extras": true,
      "positive_extra_count": 4,
      "full_bound_extra_count": 4,
      "base_density": 0.1388888888888889,
      "per_extra_bound": 0.0004340277777777778,
      "gain": 0.001736111111111105,
      "gain_in_bound_units": 3.9999999999999853,
      "extra_lengths_descending": [
        0.00043402777777779174,
        0.0004340277777777778,
        0.0004340277777777778,
        0.00043402777777776995,
        -0.0
      ],
      "success": true,
      "status_name": "optimal",
      "mip_gap": 0.0,
      "mip_node_count": 3873,
      "mip_rel_gap_option": 0.0,
      "mip_abs_gap_option": 0.0,
      "solution": "m16_q5_extra5_per_extra_bound_1over2304_ordered1_relgap0_absgap0_solution.json"
    },
    {
      "m": 17,
      "q": 5,
      "extra_count": 4,
      "ordered_extras": false,
      "positive_extra_count": 4,
      "full_bound_extra_count": 4,
      "base_density": 0.1393188854489164,
      "per_extra_bound": 0.0001821161901293025,
      "gain": 0.0007284647605172168,
      "gain_in_bound_units": 4.000000000000037,
      "extra_lengths_descending": [
        0.0001821161901293025,
        0.0001821161901293025,
        0.0001821161901293025,
        0.0001821161901293025
      ],
      "success": true,
      "status_name": "optimal",
      "mip_gap": 0.0,
      "mip_node_count": 933,
      "mip_rel_gap_option": 0.0,
      "mip_abs_gap_option": 0.0,
      "solution": "m17_q5_extra4_per_extra_bound_1over5491_relgap0_absgap0_solution.json"
    },
    {
      "m": 17,
      "q": 5,
      "extra_count": 5,
      "ordered_extras": false,
      "positive_extra_count": 4,
      "full_bound_extra_count": 4,
      "base_density": 0.1393188854489164,
      "per_extra_bound": 0.0001821161901293025,
      "gain": 0.0007284647605230177,
      "gain_in_bound_units": 4.00000000003189,
      "extra_lengths_descending": [
        0.00018211619013511614,
        0.0001821161901293025,
        0.0001821161901293025,
        0.0001821161901293025,
        -0.0
      ],
      "success": true,
      "status_name": "optimal",
      "mip_gap": 0.0,
      "mip_node_count": 28418,
      "mip_rel_gap_option": 0.0,
      "mip_abs_gap_option": 0.0,
      "solution": "m17_q5_extra5_per_extra_bound_1over5491_relgap0_absgap0_solution.json"
    },
    {
      "m": 17,
      "q": 5,
      "extra_count": 6,
      "ordered_extras": true,
      "positive_extra_count": 4,
      "full_bound_extra_count": 4,
      "base_density": 0.1393188854489164,
      "per_extra_bound": 0.0001821161901293025,
      "gain": 0.0007284647605189376,
      "gain_in_bound_units": 4.000000000009486,
      "extra_lengths_descending": [
        0.00018211619013102872,
        0.00018211619012930357,
        0.00018211619012930338,
        0.0001821161901293025,
        -0.0,
        -0.0
      ],
      "success": true,
      "status_name": "optimal",
      "mip_gap": 0.0,
      "mip_node_count": 22904,
      "mip_rel_gap_option": 0.0,
      "mip_abs_gap_option": 0.0,